,ISBN,Book-Title,Book-Author,Year-Of-Publication,Publisher,Image-URL-S,Image-URL-M,Image-URL-L
18,0440234743,The Testament,John Grisham,1999,Dell,http://images.amazon.com/images/P/0440234743.01.THUMBZZZ.jpg,http://images.amazon.com/images/P/0440234743.01.MZZZZZZZ.jpg,http://images.amazon.com/images/P/0440234743.01.LZZZZZZZ.jpg
26,0971880107,Wild Animus,Rich Shapero,2004,Too Far,http://images.amazon.com/images/P/0971880107.01.THUMBZZZ.jpg,http://images.amazon.com/images/P/0971880107.01.MZZZZZZZ.jpg,http://images.amazon.com/images/P/0971880107.01.LZZZZZZZ.jpg
28,0345417623,Timeline,MICHAEL CRICHTON,2000,Ballantine Books,http://images.amazon.com/images/P/0345417623.01.THUMBZZZ.jpg,http://images.amazon.com/images/P/0345417623.01.MZZZZZZZ.jpg,http://images.amazon.com/images/P/0345417623.01.LZZZZZZZ.jpg
37,0446310786,To Kill a Mockingbird,Harper Lee,1988,Little Brown &amp; Company,http://images.amazon.com/images/P/0446310786.01.THUMBZZZ.jpg,http://images.amazon.com/images/P/0446310786.01.MZZZZZZZ.jpg,http://images.amazon.com/images/P/0446310786.01.LZZZZZZZ.jpg
52,0440225701,The Street Lawyer,JOHN GRISHAM,1999,Dell,http://images.amazon.com/images/P/0440225701.01.THUMBZZZ.jpg,http://images.amazon.com/images/P/0440225701.01.MZZZZZZZ.jpg,http://images.amazon.com/images/P/0440225701.01.LZZZZZZZ.jpg
67,0804106304,The Joy Luck Club,Amy Tan,1994,Prentice Hall (K-12),http://images.amazon.com/images/P/0804106304.01.THUMBZZZ.jpg,http://images.amazon.com/images/P/0804106304.01.MZZZZZZZ.jpg,http://images.amazon.com/images/P/0804106304.01.LZZZZZZZ.jpg
90,0316769487,The Catcher in the Rye,J.D. Salinger,1991,"Little, Brown",http://images.amazon.com/images/P/0316769487.01.THUMBZZZ.jpg,http://images.amazon.com/images/P/0316769487.01.MZZZZZZZ.jpg,http://images.amazon.com/images/P/0316769487.01.LZZZZZZZ.jpg
94,0679429220,Midnight in the Garden of Good and Evil: A Savannah Story,John Berendt,1994,Random House,http://images.amazon.com/images/P/0679429220.01.THUMBZZZ.jpg,http://images.amazon.com/images/P/0679429220.01.MZZZZZZZ.jpg,http://images.amazon.com/images/P/0679429220.01.LZZZZZZZ.jpg
107,0786868716,The Five People You Meet in Heaven,Mitch Albom,2003,Hyperion,http://images.amazon.com/images/P/0786868716.01.THUMBZZZ.jpg,http://images.amazon.com/images/P/0786868716.01.MZZZZZZZ.jpg,http://images.amazon.com/images/P/0786868716.01.LZZZZZZZ.jpg
114,0446612545,The Beach House,James Patterson,2003,Warner Books,http://images.amazon.com/images/P/0446612545.01.THUMBZZZ.jpg,http://images.amazon.com/images/P/0446612545.01.MZZZZZZZ.jpg,http://images.amazon.com/images/P/0446612545.01.LZZZZZZZ.jpg
118,0671027360,Angels &amp; Demons,Dan Brown,2001,Pocket Star,http://images.amazon.com/images/P/0671027360.01.THUMBZZZ.jpg,http://images.amazon.com/images/P/0671027360.01.MZZZZZZZ.jpg,http://images.amazon.com/images/P/0671027360.01.LZZZZZZZ.jpg
134,0060976845,Little Altars Everywhere: A Novel,Rebecca Wells,1996,Perennial,http://images.amazon.com/images/P/0060976845.01.THUMBZZZ.jpg,http://images.amazon.com/images/P/0060976845.01.MZZZZZZZ.jpg,http://images.amazon.com/images/P/0060976845.01.LZZZZZZZ.jpg
207,0345378490,Congo,Michael Crichton,1995,Ballantine Books,http://images.amazon.com/images/P/0345378490.01.THUMBZZZ.jpg,http://images.amazon.com/images/P/0345378490.01.MZZZZZZZ.jpg,http://images.amazon.com/images/P/0345378490.01.LZZZZZZZ.jpg
231,0452282152,Girl with a Pearl Earring,Tracy Chevalier,2001,Plume Books,http://images.amazon.com/images/P/0452282152.01.THUMBZZZ.jpg,http://images.amazon.com/images/P/0452282152.01.MZZZZZZZ.jpg,http://images.amazon.com/images/P/0452282152.01.LZZZZZZZ.jpg
245,0060987103,Wicked: The Life and Times of the Wicked Witch of the West,Gregory Maguire,1996,Regan Books,http://images.amazon.com/images/P/0060987103.01.THUMBZZZ.jpg,http://images.amazon.com/images/P/0060987103.01.MZZZZZZZ.jpg,http://images.amazon.com/images/P/0060987103.01.LZZZZZZZ.jpg
305,044023722X,A Painted House,John Grisham,2001,Dell Publishing Company,http://images.amazon.com/images/P/044023722X.01.THUMBZZZ.jpg,http://images.amazon.com/images/P/044023722X.01.MZZZZZZZ.jpg,http://images.amazon.com/images/P/044023722X.01.LZZZZZZZ.jpg
337,0380730138,Vinegar Hill (Oprah's Book Club (Paperback)),A. Manette Ansay,1998,Perennial,http://images.amazon.com/images/P/0380730138.01.THUMBZZZ.jpg,http://images.amazon.com/images/P/0380730138.01.MZZZZZZZ.jpg,http://images.amazon.com/images/P/0380730138.01.LZZZZZZZ.jpg
356,0142001740,The Secret Life of Bees,Sue Monk Kidd,2003,Penguin Books,http://images.amazon.com/images/P/0142001740.01.THUMBZZZ.jpg,http://images.amazon.com/images/P/0142001740.01.MZZZZZZZ.jpg,http://images.amazon.com/images/P/0142001740.01.LZZZZZZZ.jpg
405,006101351X,The Perfect Storm : A True Story of Men Against the Sea,Sebastian Junger,1998,HarperTorch,http://images.amazon.com/images/P/006101351X.01.THUMBZZZ.jpg,http://images.amazon.com/images/P/006101351X.01.MZZZZZZZ.jpg,http://images.amazon.com/images/P/006101351X.01.LZZZZZZZ.jpg
408,0316666343,The Lovely Bones: A Novel,Alice Sebold,2002,"Little, Brown",http://images.amazon.com/images/P/0316666343.01.THUMBZZZ.jpg,http://images.amazon.com/images/P/0316666343.01.MZZZZZZZ.jpg,http://images.amazon.com/images/P/0316666343.01.LZZZZZZZ.jpg
410,0440224675,Hannibal,Thomas Harris,2000,Dell Publishing Company,http://images.amazon.com/images/P/0440224675.01.THUMBZZZ.jpg,http://images.amazon.com/images/P/0440224675.01.MZZZZZZZ.jpg,http://images.amazon.com/images/P/0440224675.01.LZZZZZZZ.jpg
456,044021145X,The Firm,John Grisham,1992,Bantam Dell Publishing Group,http://images.amazon.com/images/P/044021145X.01.THUMBZZZ.jpg,http://images.amazon.com/images/P/044021145X.01.MZZZZZZZ.jpg,http://images.amazon.com/images/P/044021145X.01.LZZZZZZZ.jpg
479,0375726403,Empire Falls,Richard Russo,2002,Vintage Books USA,http://images.amazon.com/images/P/0375726403.01.THUMBZZZ.jpg,http://images.amazon.com/images/P/0375726403.01.MZZZZZZZ.jpg,http://images.amazon.com/images/P/0375726403.01.LZZZZZZZ.jpg
482,0440226104,Black and Blue,ANNA QUINDLEN,1999,Dell,http://images.amazon.com/images/P/0440226104.01.THUMBZZZ.jpg,http://images.amazon.com/images/P/0440226104.01.MZZZZZZZ.jpg,http://images.amazon.com/images/P/0440226104.01.LZZZZZZZ.jpg
485,0671021001,She's Come Undone (Oprah's Book Club),Wally Lamb,1998,Pocket,http://images.amazon.com/images/P/0671021001.01.THUMBZZZ.jpg,http://images.amazon.com/images/P/0671021001.01.MZZZZZZZ.jpg,http://images.amazon.com/images/P/0671021001.01.LZZZZZZZ.jpg
487,0805063897,Nickel and Dimed: On (Not) Getting By in America,Barbara Ehrenreich,2002,Owl Books,http://images.amazon.com/images/P/0805063897.01.THUMBZZZ.jpg,http://images.amazon.com/images/P/0805063897.01.MZZZZZZZ.jpg,http://images.amazon.com/images/P/0805063897.01.LZZZZZZZ.jpg
497,0842329129,Left Behind: A Novel of the Earth's Last Days (Left Behind No. 1),Tim Lahaye,1996,Tyndale House Publishers,http://images.amazon.com/images/P/0842329129.01.THUMBZZZ.jpg,http://images.amazon.com/images/P/0842329129.01.MZZZZZZZ.jpg,http://images.amazon.com/images/P/0842329129.01.LZZZZZZZ.jpg
522,0312195516,The Red Tent (Bestselling Backlist),Anita Diamant,1998,Picador USA,http://images.amazon.com/images/P/0312195516.01.THUMBZZZ.jpg,http://images.amazon.com/images/P/0312195516.01.MZZZZZZZ.jpg,http://images.amazon.com/images/P/0312195516.01.LZZZZZZZ.jpg
541,0312278586,The Nanny Diaries: A Novel,Emma McLaughlin,2002,St. Martin's Press,http://images.amazon.com/images/P/0312278586.01.THUMBZZZ.jpg,http://images.amazon.com/images/P/0312278586.01.MZZZZZZZ.jpg,http://images.amazon.com/images/P/0312278586.01.LZZZZZZZ.jpg
563,0156027321,Life of Pi,Yann Martel,2003,Harvest Books,http://images.amazon.com/images/P/0156027321.01.THUMBZZZ.jpg,http://images.amazon.com/images/P/0156027321.01.MZZZZZZZ.jpg,http://images.amazon.com/images/P/0156027321.01.LZZZZZZZ.jpg
608,0345313860,"The Vampire Lestat (Vampire Chronicles, Book II)",ANNE RICE,1986,Ballantine Books,http://images.amazon.com/images/P/0345313860.01.THUMBZZZ.jpg,http://images.amazon.com/images/P/0345313860.01.MZZZZZZZ.jpg,http://images.amazon.com/images/P/0345313860.01.LZZZZZZZ.jpg
659,0060938455,Fast Food Nation: The Dark Side of the All-American Meal,Eric Schlosser,2002,Perennial,http://images.amazon.com/images/P/0060938455.01.THUMBZZZ.jpg,http://images.amazon.com/images/P/0060938455.01.MZZZZZZZ.jpg,http://images.amazon.com/images/P/0060938455.01.LZZZZZZZ.jpg
669,0061009059,One for the Money (Stephanie Plum Novels (Paperback)),Janet Evanovich,1995,HarperTorch,http://images.amazon.com/images/P/0061009059.01.THUMBZZZ.jpg,http://images.amazon.com/images/P/0061009059.01.MZZZZZZZ.jpg,http://images.amazon.com/images/P/0061009059.01.LZZZZZZZ.jpg
677,0446364193,Along Came a Spider (Alex Cross Novels),James Patterson,1993,Warner Books,http://images.amazon.com/images/P/0446364193.01.THUMBZZZ.jpg,http://images.amazon.com/images/P/0446364193.01.MZZZZZZZ.jpg,http://images.amazon.com/images/P/0446364193.01.LZZZZZZZ.jpg
706,0446672211,Where the Heart Is (Oprah's Book Club (Paperback)),Billie Letts,1998,Warner Books,http://images.amazon.com/images/P/0446672211.01.THUMBZZZ.jpg,http://images.amazon.com/images/P/0446672211.01.MZZZZZZZ.jpg,http://images.amazon.com/images/P/0446672211.01.LZZZZZZZ.jpg
707,0140293248,The Girls' Guide to Hunting and Fishing,Melissa Bank,2000,Penguin Books,http://images.amazon.com/images/P/0140293248.01.THUMBZZZ.jpg,http://images.amazon.com/images/P/0140293248.01.MZZZZZZZ.jpg,http://images.amazon.com/images/P/0140293248.01.LZZZZZZZ.jpg
712,0142000205,Icy Sparks,Gwyn Hyman Rubio,2001,Penguin Books,http://images.amazon.com/images/P/0142000205.01.THUMBZZZ.jpg,http://images.amazon.com/images/P/0142000205.01.MZZZZZZZ.jpg,http://images.amazon.com/images/P/0142000205.01.LZZZZZZZ.jpg
748,0385504209,The Da Vinci Code,Dan Brown,2003,Doubleday,http://images.amazon.com/images/P/0385504209.01.THUMBZZZ.jpg,http://images.amazon.com/images/P/0385504209.01.MZZZZZZZ.jpg,http://images.amazon.com/images/P/0385504209.01.LZZZZZZZ.jpg
833,0316776963,Me Talk Pretty One Day,David Sedaris,2001,Back Bay Books,http://images.amazon.com/images/P/0316776963.01.THUMBZZZ.jpg,http://images.amazon.com/images/P/0316776963.01.MZZZZZZZ.jpg,http://images.amazon.com/images/P/0316776963.01.LZZZZZZZ.jpg
953,0440211727,A Time to Kill,JOHN GRISHAM,1992,Dell,http://images.amazon.com/images/P/0440211727.01.THUMBZZZ.jpg,http://images.amazon.com/images/P/0440211727.01.MZZZZZZZ.jpg,http://images.amazon.com/images/P/0440211727.01.LZZZZZZZ.jpg
1012,044022165X,The Rainmaker,JOHN GRISHAM,1996,Dell,http://images.amazon.com/images/P/044022165X.01.THUMBZZZ.jpg,http://images.amazon.com/images/P/044022165X.01.MZZZZZZZ.jpg,http://images.amazon.com/images/P/044022165X.01.LZZZZZZZ.jpg
1051,0671510053,SHIPPING NEWS,Annie Proulx,1994,Scribner,http://images.amazon.com/images/P/0671510053.01.THUMBZZZ.jpg,http://images.amazon.com/images/P/0671510053.01.MZZZZZZZ.jpg,http://images.amazon.com/images/P/0671510053.01.LZZZZZZZ.jpg
1071,0743237188,Fall On Your Knees (Oprah #45),Ann-Marie MacDonald,2002,Touchstone,http://images.amazon.com/images/P/0743237188.01.THUMBZZZ.jpg,http://images.amazon.com/images/P/0743237188.01.MZZZZZZZ.jpg,http://images.amazon.com/images/P/0743237188.01.LZZZZZZZ.jpg
1078,0345443284,While I Was Gone,Sue Miller,1999,Ballantine Books,http://images.amazon.com/images/P/0345443284.01.THUMBZZZ.jpg,http://images.amazon.com/images/P/0345443284.01.MZZZZZZZ.jpg,http://images.amazon.com/images/P/0345443284.01.LZZZZZZZ.jpg
1105,0060928336,Divine Secrets of the Ya-Ya Sisterhood: A Novel,Rebecca Wells,1997,Perennial,http://images.amazon.com/images/P/0060928336.01.THUMBZZZ.jpg,http://images.amazon.com/images/P/0060928336.01.MZZZZZZZ.jpg,http://images.amazon.com/images/P/0060928336.01.LZZZZZZZ.jpg
1106,0671003755,She's Come Undone (Oprah's Book Club (Paperback)),Wally Lamb,1996,Washington Square Press,http://images.amazon.com/images/P/0671003755.01.THUMBZZZ.jpg,http://images.amazon.com/images/P/0671003755.01.MZZZZZZZ.jpg,http://images.amazon.com/images/P/0671003755.01.LZZZZZZZ.jpg
1175,0380789035,American Gods,Neil Gaiman,2002,HarperTorch,http://images.amazon.com/images/P/0380789035.01.THUMBZZZ.jpg,http://images.amazon.com/images/P/0380789035.01.MZZZZZZZ.jpg,http://images.amazon.com/images/P/0380789035.01.LZZZZZZZ.jpg
1194,0440206154,Red Dragon,Thomas Harris,2000,Dell Publishing Company,http://images.amazon.com/images/P/0440206154.01.THUMBZZZ.jpg,http://images.amazon.com/images/P/0440206154.01.MZZZZZZZ.jpg,http://images.amazon.com/images/P/0440206154.01.LZZZZZZZ.jpg
1195,0345370775,Jurassic Park,Michael Crichton,1999,Ballantine Books,http://images.amazon.com/images/P/0345370775.01.THUMBZZZ.jpg,http://images.amazon.com/images/P/0345370775.01.MZZZZZZZ.jpg,http://images.amazon.com/images/P/0345370775.01.LZZZZZZZ.jpg
1325,0385335482,Confessions of a Shopaholic (Summer Display Opportunity),SOPHIE KINSELLA,2001,Delta,http://images.amazon.com/images/P/0385335482.01.THUMBZZZ.jpg,http://images.amazon.com/images/P/0385335482.01.MZZZZZZZ.jpg,http://images.amazon.com/images/P/0385335482.01.LZZZZZZZ.jpg
1355,0446606812,Message in a Bottle,Nicholas Sparks,1999,Warner Vision,http://images.amazon.com/images/P/0446606812.01.THUMBZZZ.jpg,http://images.amazon.com/images/P/0446606812.01.MZZZZZZZ.jpg,http://images.amazon.com/images/P/0446606812.01.LZZZZZZZ.jpg
1373,0060930535,The Poisonwood Bible: A Novel,Barbara Kingsolver,1999,Perennial,http://images.amazon.com/images/P/0060930535.01.THUMBZZZ.jpg,http://images.amazon.com/images/P/0060930535.01.MZZZZZZZ.jpg,http://images.amazon.com/images/P/0060930535.01.LZZZZZZZ.jpg
1387,0345361792,A Prayer for Owen Meany,John Irving,1990,Ballantine Books,http://images.amazon.com/images/P/0345361792.01.THUMBZZZ.jpg,http://images.amazon.com/images/P/0345361792.01.MZZZZZZZ.jpg,http://images.amazon.com/images/P/0345361792.01.LZZZZZZZ.jpg
1406,1400034779,The No. 1 Ladies' Detective Agency (Today Show Book Club #8),Alexander McCall Smith,2003,Anchor,http://images.amazon.com/images/P/1400034779.01.THUMBZZZ.jpg,http://images.amazon.com/images/P/1400034779.01.MZZZZZZZ.jpg,http://images.amazon.com/images/P/1400034779.01.LZZZZZZZ.jpg
1429,080410753X,The Kitchen God's Wife,Amy Tan,1992,Ivy Books,http://images.amazon.com/images/P/080410753X.01.THUMBZZZ.jpg,http://images.amazon.com/images/P/080410753X.01.MZZZZZZZ.jpg,http://images.amazon.com/images/P/080410753X.01.LZZZZZZZ.jpg
1485,0060934417,Bel Canto: A Novel,Ann Patchett,2002,Perennial,http://images.amazon.com/images/P/0060934417.01.THUMBZZZ.jpg,http://images.amazon.com/images/P/0060934417.01.MZZZZZZZ.jpg,http://images.amazon.com/images/P/0060934417.01.LZZZZZZZ.jpg
1496,0743418174,Good in Bed,Jennifer Weiner,2002,Washington Square Press,http://images.amazon.com/images/P/0743418174.01.THUMBZZZ.jpg,http://images.amazon.com/images/P/0743418174.01.MZZZZZZZ.jpg,http://images.amazon.com/images/P/0743418174.01.LZZZZZZZ.jpg
1517,0375700757,Cold Mountain : A Novel,CHARLES FRAZIER,1998,Vintage,http://images.amazon.com/images/P/0375700757.01.THUMBZZZ.jpg,http://images.amazon.com/images/P/0375700757.01.MZZZZZZZ.jpg,http://images.amazon.com/images/P/0375700757.01.LZZZZZZZ.jpg
1553,0375725784,A Heartbreaking Work of Staggering Genius,Dave Eggers,2001,Vintage Books USA,http://images.amazon.com/images/P/0375725784.01.THUMBZZZ.jpg,http://images.amazon.com/images/P/0375725784.01.MZZZZZZZ.jpg,http://images.amazon.com/images/P/0375725784.01.LZZZZZZZ.jpg
1571,0345339703,"The Fellowship of the Ring (The Lord of the Rings, Part 1)",J.R.R. TOLKIEN,1986,Del Rey,http://images.amazon.com/images/P/0345339703.01.THUMBZZZ.jpg,http://images.amazon.com/images/P/0345339703.01.MZZZZZZZ.jpg,http://images.amazon.com/images/P/0345339703.01.LZZZZZZZ.jpg
1680,0440226430,Summer Sisters,Judy Blume,1999,Dell Publishing Company,http://images.amazon.com/images/P/0440226430.01.THUMBZZZ.jpg,http://images.amazon.com/images/P/0440226430.01.MZZZZZZZ.jpg,http://images.amazon.com/images/P/0440226430.01.LZZZZZZZ.jpg
1702,0375707972,The Reader,Bernhard Schlink,1999,Vintage Books USA,http://images.amazon.com/images/P/0375707972.01.THUMBZZZ.jpg,http://images.amazon.com/images/P/0375707972.01.MZZZZZZZ.jpg,http://images.amazon.com/images/P/0375707972.01.LZZZZZZZ.jpg
1776,0440224764,The Partner,John Grisham,1998,Dell Publishing Company,http://images.amazon.com/images/P/0440224764.01.THUMBZZZ.jpg,http://images.amazon.com/images/P/0440224764.01.MZZZZZZZ.jpg,http://images.amazon.com/images/P/0440224764.01.LZZZZZZZ.jpg
1777,0553572997,The Alienist,Caleb Carr,1995,Bantam Books,http://images.amazon.com/images/P/0553572997.01.THUMBZZZ.jpg,http://images.amazon.com/images/P/0553572997.01.MZZZZZZZ.jpg,http://images.amazon.com/images/P/0553572997.01.LZZZZZZZ.jpg
1802,0440236673,The Brethren,John Grisham,2000,Island,http://images.amazon.com/images/P/0440236673.01.THUMBZZZ.jpg,http://images.amazon.com/images/P/0440236673.01.MZZZZZZZ.jpg,http://images.amazon.com/images/P/0440236673.01.LZZZZZZZ.jpg
1860,0345380371,Rising Sun,MICHAEL CRICHTON,1992,Ballantine Books,http://images.amazon.com/images/P/0345380371.01.THUMBZZZ.jpg,http://images.amazon.com/images/P/0345380371.01.MZZZZZZZ.jpg,http://images.amazon.com/images/P/0345380371.01.LZZZZZZZ.jpg
1863,0446610038,1st to Die: A Novel,James Patterson,2002,Warner Vision,http://images.amazon.com/images/P/0446610038.01.THUMBZZZ.jpg,http://images.amazon.com/images/P/0446610038.01.MZZZZZZZ.jpg,http://images.amazon.com/images/P/0446610038.01.LZZZZZZZ.jpg
1908,0385492081,Into Thin Air : A Personal Account of the Mt. Everest Disaster,JON KRAKAUER,1998,Anchor,http://images.amazon.com/images/P/0385492081.01.THUMBZZZ.jpg,http://images.amazon.com/images/P/0385492081.01.MZZZZZZZ.jpg,http://images.amazon.com/images/P/0385492081.01.LZZZZZZZ.jpg
1922,067976402X,Snow Falling on Cedars,David Guterson,1995,Vintage Books USA,http://images.amazon.com/images/P/067976402X.01.THUMBZZZ.jpg,http://images.amazon.com/images/P/067976402X.01.MZZZZZZZ.jpg,http://images.amazon.com/images/P/067976402X.01.LZZZZZZZ.jpg
1985,0449212602,The Handmaid's Tale,Margaret Atwood,1989,Fawcett Books,http://images.amazon.com/images/P/0449212602.01.THUMBZZZ.jpg,http://images.amazon.com/images/P/0449212602.01.MZZZZZZZ.jpg,http://images.amazon.com/images/P/0449212602.01.LZZZZZZZ.jpg
2001,0316569321,White Oleander : A Novel,Janet Fitch,1999,"Little, Brown",http://images.amazon.com/images/P/0316569321.01.THUMBZZZ.jpg,http://images.amazon.com/images/P/0316569321.01.MZZZZZZZ.jpg,http://images.amazon.com/images/P/0316569321.01.LZZZZZZZ.jpg
2143,059035342X,Harry Potter and the Sorcerer's Stone (Harry Potter (Paperback)),J. K. Rowling,1999,Arthur A. Levine Books,http://images.amazon.com/images/P/059035342X.01.THUMBZZZ.jpg,http://images.amazon.com/images/P/059035342X.01.MZZZZZZZ.jpg,http://images.amazon.com/images/P/059035342X.01.LZZZZZZZ.jpg
2230,0345342968,Fahrenheit 451,RAY BRADBURY,1987,Del Rey,http://images.amazon.com/images/P/0345342968.01.THUMBZZZ.jpg,http://images.amazon.com/images/P/0345342968.01.MZZZZZZZ.jpg,http://images.amazon.com/images/P/0345342968.01.LZZZZZZZ.jpg
2290,0385484518,"Tuesdays with Morrie: An Old Man, a Young Man, and Life's Greatest Lesson",MITCH ALBOM,1997,Doubleday,http://images.amazon.com/images/P/0385484518.01.THUMBZZZ.jpg,http://images.amazon.com/images/P/0385484518.01.MZZZZZZZ.jpg,http://images.amazon.com/images/P/0385484518.01.LZZZZZZZ.jpg
2380,0380731851,Mystic River,Dennis Lehane,2002,HarperTorch,http://images.amazon.com/images/P/0380731851.01.THUMBZZZ.jpg,http://images.amazon.com/images/P/0380731851.01.MZZZZZZZ.jpg,http://images.amazon.com/images/P/0380731851.01.LZZZZZZZ.jpg
2441,0553279912,A Is for Alibi (Kinsey Millhone Mysteries (Paperback)),SUE GRAFTON,1987,Bantam,http://images.amazon.com/images/P/0553279912.01.THUMBZZZ.jpg,http://images.amazon.com/images/P/0553279912.01.MZZZZZZZ.jpg,http://images.amazon.com/images/P/0553279912.01.LZZZZZZZ.jpg
2442,0345353145,Sphere,MICHAEL CRICHTON,1988,Ballantine Books,http://images.amazon.com/images/P/0345353145.01.THUMBZZZ.jpg,http://images.amazon.com/images/P/0345353145.01.MZZZZZZZ.jpg,http://images.amazon.com/images/P/0345353145.01.LZZZZZZZ.jpg
2445,0440214041,The Pelican Brief,John Grisham,1993,Dell,http://images.amazon.com/images/P/0440214041.01.THUMBZZZ.jpg,http://images.amazon.com/images/P/0440214041.01.MZZZZZZZ.jpg,http://images.amazon.com/images/P/0440214041.01.LZZZZZZZ.jpg
2526,0345337662,Interview with the Vampire,Anne Rice,1993,Ballantine Books,http://images.amazon.com/images/P/0345337662.01.THUMBZZZ.jpg,http://images.amazon.com/images/P/0345337662.01.MZZZZZZZ.jpg,http://images.amazon.com/images/P/0345337662.01.LZZZZZZZ.jpg
2527,0345351525,The Queen of the Damned (Vampire Chronicles (Paperback)),Anne Rice,1993,Ballantine Books,http://images.amazon.com/images/P/0345351525.01.THUMBZZZ.jpg,http://images.amazon.com/images/P/0345351525.01.MZZZZZZZ.jpg,http://images.amazon.com/images/P/0345351525.01.LZZZZZZZ.jpg
2536,0385265700,The Book of Ruth (Oprah's Book Club (Paperback)),Jane Hamilton,1990,Anchor,http://images.amazon.com/images/P/0385265700.01.THUMBZZZ.jpg,http://images.amazon.com/images/P/0385265700.01.MZZZZZZZ.jpg,http://images.amazon.com/images/P/0385265700.01.LZZZZZZZ.jpg
2602,0446605239,The Notebook,Nicholas Sparks,1998,Warner Books,http://images.amazon.com/images/P/0446605239.01.THUMBZZZ.jpg,http://images.amazon.com/images/P/0446605239.01.MZZZZZZZ.jpg,http://images.amazon.com/images/P/0446605239.01.LZZZZZZZ.jpg
2802,0060392452,Stupid White Men ...and Other Sorry Excuses for the State of the Nation!,Michael Moore,2002,Regan Books,http://images.amazon.com/images/P/0060392452.01.THUMBZZZ.jpg,http://images.amazon.com/images/P/0060392452.01.MZZZZZZZ.jpg,http://images.amazon.com/images/P/0060392452.01.LZZZZZZZ.jpg
2849,0312291639,The Nanny Diaries: A Novel,Emma McLaughlin,2003,St. Martin's Griffin,http://images.amazon.com/images/P/0312291639.01.THUMBZZZ.jpg,http://images.amazon.com/images/P/0312291639.01.MZZZZZZZ.jpg,http://images.amazon.com/images/P/0312291639.01.LZZZZZZZ.jpg
2864,0684874350,ANGELA'S ASHES,Frank McCourt,1996,Scribner,http://images.amazon.com/images/P/0684874350.01.THUMBZZZ.jpg,http://images.amazon.com/images/P/0684874350.01.MZZZZZZZ.jpg,http://images.amazon.com/images/P/0684874350.01.LZZZZZZZ.jpg
2866,0446611212,Violets Are Blue,James Patterson,2002,Warner Vision,http://images.amazon.com/images/P/0446611212.01.THUMBZZZ.jpg,http://images.amazon.com/images/P/0446611212.01.MZZZZZZZ.jpg,http://images.amazon.com/images/P/0446611212.01.LZZZZZZZ.jpg
2948,0312305060,The Hours: A Novel,Michael Cunningham,2002,Picador,http://images.amazon.com/images/P/0312305060.01.THUMBZZZ.jpg,http://images.amazon.com/images/P/0312305060.01.MZZZZZZZ.jpg,http://images.amazon.com/images/P/0312305060.01.LZZZZZZZ.jpg
2988,0375706771,Midwives: A Novel,Chris Bohjalian,1998,Vintage,http://images.amazon.com/images/P/0375706771.01.THUMBZZZ.jpg,http://images.amazon.com/images/P/0375706771.01.MZZZZZZZ.jpg,http://images.amazon.com/images/P/0375706771.01.LZZZZZZZ.jpg
3109,0679746048,"Girl, Interrupted",SUSANNA KAYSEN,1994,Vintage,http://images.amazon.com/images/P/0679746048.01.THUMBZZZ.jpg,http://images.amazon.com/images/P/0679746048.01.MZZZZZZZ.jpg,http://images.amazon.com/images/P/0679746048.01.LZZZZZZZ.jpg
3234,1558743669,"A Child Called \It\"": One Child's Courage to Survive""",Dave Pelzer,1995,Health Communications,http://images.amazon.com/images/P/1558743669.01.THUMBZZZ.jpg,http://images.amazon.com/images/P/1558743669.01.MZZZZZZZ.jpg,http://images.amazon.com/images/P/1558743669.01.LZZZZZZZ.jpg
3269,0385720106,A Map of the World,Jane Hamilton,1999,Anchor Books/Doubleday,http://images.amazon.com/images/P/0385720106.01.THUMBZZZ.jpg,http://images.amazon.com/images/P/0385720106.01.MZZZZZZZ.jpg,http://images.amazon.com/images/P/0385720106.01.LZZZZZZZ.jpg
3290,0440221471,The Runaway Jury,JOHN GRISHAM,1997,Dell,http://images.amazon.com/images/P/0440221471.01.THUMBZZZ.jpg,http://images.amazon.com/images/P/0440221471.01.MZZZZZZZ.jpg,http://images.amazon.com/images/P/0440221471.01.LZZZZZZZ.jpg
3329,0060502258,The Divine Secrets of the Ya-Ya Sisterhood: A Novel,Rebecca Wells,2002,HarperTorch,http://images.amazon.com/images/P/0060502258.01.THUMBZZZ.jpg,http://images.amazon.com/images/P/0060502258.01.MZZZZZZZ.jpg,http://images.amazon.com/images/P/0060502258.01.LZZZZZZZ.jpg
3354,0345339681,The Hobbit : The Enchanting Prelude to The Lord of the Rings,J.R.R. TOLKIEN,1986,Del Rey,http://images.amazon.com/images/P/0345339681.01.THUMBZZZ.jpg,http://images.amazon.com/images/P/0345339681.01.MZZZZZZZ.jpg,http://images.amazon.com/images/P/0345339681.01.LZZZZZZZ.jpg
3459,0439064872,Harry Potter and the Chamber of Secrets (Book 2),J. K. Rowling,2000,Scholastic,http://images.amazon.com/images/P/0439064872.01.THUMBZZZ.jpg,http://images.amazon.com/images/P/0439064872.01.MZZZZZZZ.jpg,http://images.amazon.com/images/P/0439064872.01.LZZZZZZZ.jpg
3783,068484477X,STONES FROM THE RIVER,Ursula Hegi,1997,Touchstone,http://images.amazon.com/images/P/068484477X.01.THUMBZZZ.jpg,http://images.amazon.com/images/P/068484477X.01.MZZZZZZZ.jpg,http://images.amazon.com/images/P/068484477X.01.LZZZZZZZ.jpg
3827,0440213525,The Client,John Grisham,1994,Dell Publishing Company,http://images.amazon.com/images/P/0440213525.01.THUMBZZZ.jpg,http://images.amazon.com/images/P/0440213525.01.MZZZZZZZ.jpg,http://images.amazon.com/images/P/0440213525.01.LZZZZZZZ.jpg
3939,0316096199,Lucky : A Memoir,Alice Sebold,2002,Back Bay Books,http://images.amazon.com/images/P/0316096199.01.THUMBZZZ.jpg,http://images.amazon.com/images/P/0316096199.01.MZZZZZZZ.jpg,http://images.amazon.com/images/P/0316096199.01.LZZZZZZZ.jpg
4123,0553268880,The Prince of Tides,Pat Conroy,1987,Bantam Books,http://images.amazon.com/images/P/0553268880.01.THUMBZZZ.jpg,http://images.amazon.com/images/P/0553268880.01.MZZZZZZZ.jpg,http://images.amazon.com/images/P/0553268880.01.LZZZZZZZ.jpg
4180,044651652X,The Bridges of Madison County,Robert James Waller,1992,Warner Books,http://images.amazon.com/images/P/044651652X.01.THUMBZZZ.jpg,http://images.amazon.com/images/P/044651652X.01.MZZZZZZZ.jpg,http://images.amazon.com/images/P/044651652X.01.LZZZZZZZ.jpg
4269,0316284955,White Oleander : A Novel (Oprah's Book Club),Janet Fitch,2000,Back Bay Books,http://images.amazon.com/images/P/0316284955.01.THUMBZZZ.jpg,http://images.amazon.com/images/P/0316284955.01.MZZZZZZZ.jpg,http://images.amazon.com/images/P/0316284955.01.LZZZZZZZ.jpg
4430,0375727345,House of Sand and Fog,Andre Dubus III,2000,Vintage Books,http://images.amazon.com/images/P/0375727345.01.THUMBZZZ.jpg,http://images.amazon.com/images/P/0375727345.01.MZZZZZZZ.jpg,http://images.amazon.com/images/P/0375727345.01.LZZZZZZZ.jpg
4546,0515131229,Dance upon the Air (Three Sisters Island Trilogy),Nora Roberts,2003,Jove Books,http://images.amazon.com/images/P/0515131229.01.THUMBZZZ.jpg,http://images.amazon.com/images/P/0515131229.01.MZZZZZZZ.jpg,http://images.amazon.com/images/P/0515131229.01.LZZZZZZZ.jpg
4578,0684872153,Angela's Ashes (MMP) : A Memoir,Frank McCourt,1999,Scribner,http://images.amazon.com/images/P/0684872153.01.THUMBZZZ.jpg,http://images.amazon.com/images/P/0684872153.01.MZZZZZZZ.jpg,http://images.amazon.com/images/P/0684872153.01.LZZZZZZZ.jpg
4723,0345391055,Disclosure,Michael Crichton,1994,Ballantine Books,http://images.amazon.com/images/P/0345391055.01.THUMBZZZ.jpg,http://images.amazon.com/images/P/0345391055.01.MZZZZZZZ.jpg,http://images.amazon.com/images/P/0345391055.01.LZZZZZZZ.jpg
4824,0316601950,The Pilot's Wife : A Novel,Anita Shreve,1999,Back Bay Books,http://images.amazon.com/images/P/0316601950.01.THUMBZZZ.jpg,http://images.amazon.com/images/P/0316601950.01.MZZZZZZZ.jpg,http://images.amazon.com/images/P/0316601950.01.LZZZZZZZ.jpg
5065,0060959037,Prodigal Summer: A Novel,Barbara Kingsolver,2001,Perennial,http://images.amazon.com/images/P/0060959037.01.THUMBZZZ.jpg,http://images.amazon.com/images/P/0060959037.01.MZZZZZZZ.jpg,http://images.amazon.com/images/P/0060959037.01.LZZZZZZZ.jpg
5070,014028009X,Bridget Jones's Diary,Helen Fielding,1999,Penguin Books,http://images.amazon.com/images/P/014028009X.01.THUMBZZZ.jpg,http://images.amazon.com/images/P/014028009X.01.MZZZZZZZ.jpg,http://images.amazon.com/images/P/014028009X.01.LZZZZZZZ.jpg
5175,0452282829,We Were the Mulvaneys,Joyce Carol Oates,1996,Plume,http://images.amazon.com/images/P/0452282829.01.THUMBZZZ.jpg,http://images.amazon.com/images/P/0452282829.01.MZZZZZZZ.jpg,http://images.amazon.com/images/P/0452282829.01.LZZZZZZZ.jpg
5248,0385722206,Balzac and the Little Chinese Seamstress : A Novel,DAI SIJIE,2002,Anchor,http://images.amazon.com/images/P/0385722206.01.THUMBZZZ.jpg,http://images.amazon.com/images/P/0385722206.01.MZZZZZZZ.jpg,http://images.amazon.com/images/P/0385722206.01.LZZZZZZZ.jpg
5309,080410526X,All I Really Need to Know,ROBERT FULGHUM,1989,Ivy Books,http://images.amazon.com/images/P/080410526X.01.THUMBZZZ.jpg,http://images.amazon.com/images/P/080410526X.01.MZZZZZZZ.jpg,http://images.amazon.com/images/P/080410526X.01.LZZZZZZZ.jpg
5506,043935806X,Harry Potter and the Order of the Phoenix (Book 5),J. K. Rowling,2003,Scholastic,http://images.amazon.com/images/P/043935806X.01.THUMBZZZ.jpg,http://images.amazon.com/images/P/043935806X.01.MZZZZZZZ.jpg,http://images.amazon.com/images/P/043935806X.01.LZZZZZZZ.jpg
5545,0440220602,The Chamber,John Grisham,1995,Dell Publishing Company,http://images.amazon.com/images/P/0440220602.01.THUMBZZZ.jpg,http://images.amazon.com/images/P/0440220602.01.MZZZZZZZ.jpg,http://images.amazon.com/images/P/0440220602.01.LZZZZZZZ.jpg
5607,0446608955,A Walk to Remember,Nicholas Sparks,2000,Warner Books,http://images.amazon.com/images/P/0446608955.01.THUMBZZZ.jpg,http://images.amazon.com/images/P/0446608955.01.MZZZZZZZ.jpg,http://images.amazon.com/images/P/0446608955.01.LZZZZZZZ.jpg
5662,0440241073,The Summons,John Grisham,2002,Dell Publishing Company,http://images.amazon.com/images/P/0440241073.01.THUMBZZZ.jpg,http://images.amazon.com/images/P/0440241073.01.MZZZZZZZ.jpg,http://images.amazon.com/images/P/0440241073.01.LZZZZZZZ.jpg
5887,0671001795,Two for the Dough,Janet Evanovich,1996,Pocket,http://images.amazon.com/images/P/0671001795.01.THUMBZZZ.jpg,http://images.amazon.com/images/P/0671001795.01.MZZZZZZZ.jpg,http://images.amazon.com/images/P/0671001795.01.LZZZZZZZ.jpg
5977,0804114986,The Bonesetter's Daughter,Amy Tan,2002,Ballantine Books,http://images.amazon.com/images/P/0804114986.01.THUMBZZZ.jpg,http://images.amazon.com/images/P/0804114986.01.MZZZZZZZ.jpg,http://images.amazon.com/images/P/0804114986.01.LZZZZZZZ.jpg
6196,0312983271,Full House (Janet Evanovich's Full Series),Janet Evanovich,2002,St. Martin's Paperbacks,http://images.amazon.com/images/P/0312983271.01.THUMBZZZ.jpg,http://images.amazon.com/images/P/0312983271.01.MZZZZZZZ.jpg,http://images.amazon.com/images/P/0312983271.01.LZZZZZZZ.jpg
6582,0345387651,The Cider House Rules,John Irving,1994,Ballantine Books,http://images.amazon.com/images/P/0345387651.01.THUMBZZZ.jpg,http://images.amazon.com/images/P/0345387651.01.MZZZZZZZ.jpg,http://images.amazon.com/images/P/0345387651.01.LZZZZZZZ.jpg
7499,0440222656,The Horse Whisperer,Nicholas Evans,1996,Dell,http://images.amazon.com/images/P/0440222656.01.THUMBZZZ.jpg,http://images.amazon.com/images/P/0440222656.01.MZZZZZZZ.jpg,http://images.amazon.com/images/P/0440222656.01.LZZZZZZZ.jpg
